{"records": [
    {
        "jsonSchemaLocation": "/Track.module/Service Descriptors/track.module.Process-Track.json",
        "conversionType": "linked",
        "xsdSchemaTargetNamespace": "http://www.amazing.com/Shipping"
    },
    {
        "jsonSchemaLocation": "/Track.module/Service Descriptors/order.module.Process-Ordertrack.json",
        "conversionType": "generated",
        "xsdSchemaTargetNamespace": "/T1554006221650Converted/JsonSchema"
    },
    {
        "jsonSchemaLocation": "/Track.module/Service Descriptors/order.module.Process-Ordertrack.json",
        "conversionType": "generated",
        "xsdSchemaTargetNamespace": "/T1554008631052Converted/JsonSchema"
    },
    {
        "jsonSchemaLocation": "/Track.module/Service Descriptors/order.module.Process-Ordertrack.json",
        "conversionType": "generated",
        "xsdSchemaTargetNamespace": "/T1554008703330Converted/JsonSchema"
    },
    {
        "jsonSchemaLocation": "/Track.module/Service Descriptors/order.module.Process-Ordertrack.json",
        "conversionType": "generated",
        "xsdSchemaTargetNamespace": "/T1554008977291Converted/JsonSchema"
    },
    {
        "jsonSchemaLocation": "/Track.module/Service Descriptors/order.module.Process-OrderTrack.json",
        "conversionType": "generated",
        "xsdSchemaTargetNamespace": "/T1554009550479Converted/JsonSchema"
    },
    {
        "jsonSchemaLocation": "/Track.module/Service Descriptors/order.module.Process-OrderTrack.json",
        "conversionType": "generated",
        "xsdSchemaTargetNamespace": "/T1554009916016Converted/JsonSchema"
    },
    {
        "jsonSchemaLocation": "/Track.module/Service Descriptors/order.module.Process-OrderTrack.json",
        "conversionType": "generated",
        "xsdSchemaTargetNamespace": "/T1554010343281Converted/JsonSchema"
    },
    {
        "jsonSchemaLocation": "/Track.module/Service Descriptors/order.module.Process-OrderTrack.json",
        "conversionType": "generated",
        "xsdSchemaTargetNamespace": "/T1554010992111Converted/JsonSchema"
    },
    {
        "jsonSchemaLocation": "/Track.module/Service Descriptors/order.module.Process-OrderTrack.json",
        "conversionType": "generated",
        "xsdSchemaTargetNamespace": "/T1554017227392Converted/JsonSchema"
    },
    {
        "jsonSchemaLocation": "/Track.module/Service Descriptors/order.module.Process-Ordertrack.json",
        "conversionType": "generated",
        "xsdSchemaTargetNamespace": "/T1554019332361Converted/JsonSchema"
    },
    {
        "jsonSchemaLocation": "/Track.module/Service Descriptors/order.module.Process-Ordertrack.json",
        "conversionType": "generated",
        "xsdSchemaTargetNamespace": "/T1554019408550Converted/JsonSchema"
    },
    {
        "jsonSchemaLocation": "/Track.module/Service Descriptors/order.module.Process-Order.json",
        "conversionType": "generated",
        "xsdSchemaTargetNamespace": "/T1554023966603Converted/JsonSchema"
    },
    {
        "jsonSchemaLocation": "/Track.module/Service Descriptors/order.module.Process-Order.json",
        "conversionType": "generated",
        "xsdSchemaTargetNamespace": "/T1554024399211Converted/JsonSchema"
    }
]}