{
  "swagger" : "2.0",
  "info" : {
    "version" : "1.0",
    "title" : "",
    "description" : ""
  },
  "host" : "localhost:8082",
  "basePath" : "/",
  "schemes" : [ "http" ],
  "paths" : {
    "/track/{order_id}" : {
      "get" : {
        "summary" : "",
        "description" : "",
        "operationId" : "get-track",
        "consumes" : [ "application/json" ],
        "produces" : [ "application/json" ],
        "parameters" : [ {
          "name" : "order_id",
          "in" : "path",
          "description" : "",
          "type" : "string",
          "required" : true
        } ],
        "responses" : {
          "200" : {
            "description" : "a Track_info to be returned",
            "schema" : {
              "$ref" : "#/definitions/Track_info"
            }
          }
        }
      }
    }
  },
  "definitions" : {
    "Track_info" : {
      "type" : "object",
      "required" : [ "destination", "origins" ],
      "properties" : {
        "origins" : {
          "type" : "string"
        },
        "destination" : {
          "type" : "string"
        }
      }
    }
  }
}