{
  "swagger" : "2.0",
  "info" : {
    "version" : "1.0",
    "title" : "",
    "description" : ""
  },
  "host" : "localhost:8083",
  "basePath" : "/",
  "schemes" : [ "http" ],
  "paths" : {
    "/order/{order_id}" : {
      "get" : {
        "summary" : "",
        "description" : "",
        "operationId" : "get-order",
        "consumes" : [ "application/json" ],
        "produces" : [ "application/json" ],
        "parameters" : [ {
          "name" : "order_id",
          "in" : "path",
          "description" : "",
          "type" : "string",
          "required" : true
        } ],
        "responses" : {
          "200" : {
            "description" : "a Order to be returned",
            "schema" : {
              "$ref" : "#/definitions/Order"
            }
          }
        }
      }
    }
  },
  "definitions" : {
    "Order" : {
      "type" : "object",
      "required" : [ "delivery_man_id", "destinations" ],
      "properties" : {
        "destinations" : {
          "type" : "string"
        },
        "delivery_man_id" : {
          "type" : "integer"
        }
      }
    }
  }
}